{
  "apperyConstants": {
    "baseURL"                        : "https://api.appery.io/rest/1/",
    "dbID"                           : "552407d5e4b0feb6b024f42b",

    "fnGetCustBalance"               : "6b4e6179-da1a-412a-9b48-1bf929a6a941",
    "fnUpdatePassword"               : "b78b04fe-49ae-46a8-af01-56daa0190b70",
    "fnSendRecoveryInfoText"         : "84b39111-7652-42dc-aa16-d820eca86ac0",
    "fnResetPassword"                : "c24f0f34-7719-4710-a694-9881dd2c11ed",
    "fnCreateMerchant"               : "afd6cfcc-4720-47b2-8658-23fef4032663",
    "fnGetMerchantEnrolledCustomers" : "3e2217e8-07be-4295-bc26-8899a1615c0a",
    "fnGetCustomersTravel"           : "99811df6-1b7c-48d5-8620-ee9119826801"
  },
  "herokuConstants": {
    "payServer"                      : "https://shielded-brook-9722.herokuapp.com/"
  }
}
