{
"apperyConstants": {
"baseURL"                        : "https://api.appery.io/rest/1/",
"dbID"                           : "544041c1e4b0ceee9a99abc8",

"fnGetCustBalance"               : "b42712b8-99ec-45ea-8b76-10f97349449e",
"fnUpdatePassword"               : "780f0b92-e4d0-4727-8542-d419afccb05a",
"fnSendRecoveryInfoText"         : "448ddc63-8ab6-4595-9ea6-4a8fdb18bcd8",
"fnResetPassword"                : "4fbaed93-7d74-4bd1-907b-10bc2f530d32",
"fnCreateMerchant"               : "39f67fa1-a98a-4dd8-b09a-f62201bebb43",
"fnGetCustomersTravel"           : "43125329-cb9a-4e55-abb8-1231933c87e1",
"fnGetTokenInfo"                 : "4f320325-9eab-4092-a7c8-ea112971cd2b",
"fnGetMerchantInfo-v2"           : "5b4d526b-1676-4673-b37a-0c93a7902e90",
"fnGetMerchantStats"             : "2e77ede6-aabb-44f2-98be-bf85115905db",
"fnGetMerchantCollected"         : "87acde4b-bc21-4b09-81b9-0c4c55fc2b03"
},
"herokuConstants": {
"payServer"                      : "https://customer-redeem.herokuapp.com/"
}
}
