{
  "generator-gulp-angular": {
    "props": {
      "angularVersion": "~1.3.4",
      "angularModules": [
        {
          "name": "angular-animate",
          "module": "ngAnimate"
        },
        {
          "name": "angular-cookies",
          "module": "ngCookies"
        },
        {
          "name": "angular-touch",
          "module": "ngTouch"
        },
        {
          "name": "angular-sanitize",
          "module": "ngSanitize"
        }
      ],
      "jQuery": {
        "name": "zeptojs",
        "version": "~1.1.4"
      },
      "resource": {
        "name": null,
        "version": null,
        "module": null
      },
      "router": {
        "name": "angular-ui-router",
        "version": "~0.2.13",
        "module": "ui.router"
      },
      "ui": {
        "name": "bootstrap-sass-official",
        "version": "~3.3.1",
        "key": "bootstrap",
        "module": null
      },
      "bootstrapComponents": {
        "name": "angular-bootstrap",
        "version": "0.12.x",
        "key": "ui-bootstrap",
        "module": "ui.bootstrap"
      },
      "cssPreprocessor": {
        "key": "ruby-sass",
        "extension": "scss",
        "module": "gulp-ruby-sass",
        "version": "~0.7.1"
      },
      "jsPreprocessor": {
        "key": "none",
        "extension": "js",
        "srcExtension": "js",
        "module": null,
        "version": null
      },
      "foundationComponents": {
        "name": null,
        "version": null,
        "key": null,
        "module": null
      }
    }
  }
}